00:00,23.45,55.17,0.0
00:01,23.53,55.0,0.0
00:02,23.55,55.0,0.0
00:03,23.53,55.0,0.0
00:04,23.55,55.0,0.0
00:05,23.57,54.83,0.0
00:06,23.57,54.83,0.0
00:07,23.55,54.5,0.0
00:08,23.55,54.5,0.0
00:09,23.62,54.67,0.0
00:10,23.6,54.67,0.0
00:11,23.58,54.67,0.0
00:12,23.6,54.67,0.0
00:13,23.6,54.67,0.0
00:14,23.58,54.67,0.0
00:15,23.6,54.67,0.0
00:16,23.58,54.67,0.0
00:17,23.57,54.5,0.0
00:18,23.57,54.5,0.0
00:19,23.57,54.33,0.0
00:20,23.57,54.33,0.0
00:21,23.57,54.5,0.0
00:22,23.65,54.5,0.0
00:23,23.57,54.17,0.0
00:24,23.57,54.17,0.0
00:25,23.52,54.33,0.0
00:26,23.52,54.33,0.0
00:27,23.55,54.33,0.0
00:28,23.55,54.33,0.0
00:29,23.57,54.33,0.0
00:30,23.57,54.33,0.0
00:31,23.57,54.5,0.0
00:32,23.57,54.5,0.0
00:33,23.58,54.5,0.0
00:34,23.58,54.5,0.0
00:35,23.58,54.67,0.0
00:36,23.58,54.67,0.0
00:37,23.6,54.67,0.0
00:38,23.6,54.67,0.0
00:39,23.6,54.67,0.0
00:40,23.6,54.67,0.0
00:41,23.58,54.5,0.0
00:42,23.58,54.5,0.0
00:43,23.6,54.33,0.0
00:44,23.6,54.33,0.0
00:45,23.55,54.33,0.0
00:46,23.55,54.33,0.0
00:47,23.57,54.33,0.0
00:48,23.57,54.33,0.0
00:49,23.57,54.17,0.0
00:50,23.55,54.5,0.0
00:51,23.55,54.5,0.0
00:52,23.53,54.5,0.0
00:53,23.53,54.5,0.0
00:54,23.55,54.33,0.0
00:55,23.48,54.67,0.0
00:56,23.52,54.67,0.0
00:57,23.52,54.67,0.0
00:58,23.52,54.5,0.0
00:59,23.5,54.33,0.0
01:00,23.32,55.0,0.0
01:01,23.33,55.0,0.0
01:02,23.37,55.0,0.0
01:03,23.28,54.83,0.0
01:04,23.28,54.83,0.0
01:05,23.22,54.83,0.0
01:06,23.25,55.33,0.0
01:07,23.02,56.0,0.0
01:08,23.08,56.67,0.0
01:09,23.07,56.67,0.0
01:10,23.08,56.67,0.0
01:11,23.1,56.5,0.0
01:12,23.1,56.67,0.0
01:13,23.13,56.33,0.0
01:14,23.17,56.33,0.0
01:15,23.17,56.33,0.0
01:16,23.15,56.33,0.0
01:17,23.18,56.33,0.0
01:18,23.2,56.33,0.0
01:19,23.2,56.33,0.0
01:20,23.2,56.0,0.0
01:21,23.17,56.0,0.0
01:22,23.2,56.0,0.0
01:23,23.15,56.0,0.0
01:24,23.12,56.0,0.0
01:25,23.12,56.0,0.0
01:26,23.08,56.0,0.0
01:27,23.05,56.17,0.0
01:28,23.02,56.33,0.0
01:29,23.02,56.0,0.0
01:30,22.97,56.17,0.0
01:31,22.97,56.17,0.0
01:32,22.98,56.17,0.0
01:33,22.98,56.17,0.0
01:34,22.95,56.17,0.0
01:35,22.95,56.17,0.0
01:36,22.95,56.17,0.0
01:37,22.95,56.33,0.0
01:38,22.97,56.33,0.0
01:39,23.05,56.17,0.0
01:40,23.05,56.0,0.0
01:41,23.13,56.0,0.0
01:42,23.12,55.83,0.0
01:43,23.08,56.0,0.0
01:44,23.08,56.0,0.0
01:45,23.13,56.17,0.0
01:46,23.17,56.0,0.0
01:47,23.2,56.0,0.0
01:48,23.15,56.17,0.0
01:49,23.15,56.17,0.0
01:50,23.12,56.17,0.0
01:51,23.03,56.0,0.0
01:52,23.03,56.17,0.0
01:53,23.03,56.33,0.0
01:54,22.98,56.67,0.0
01:55,22.88,56.83,0.0
01:56,22.88,57.0,0.0
01:57,22.87,57.0,0.0
01:58,22.83,57.0,0.0
01:59,22.85,57.17,0.0
02:00,22.85,56.83,0.0
02:01,22.88,56.67,0.0
02:02,22.93,56.67,0.0
02:03,22.87,56.67,0.0
02:04,22.88,56.67,0.0
02:05,22.92,56.83,0.0
02:06,22.88,56.83,0.0
02:07,22.88,56.83,0.0
02:08,22.83,56.83,0.0
02:09,22.93,56.83,0.0
02:10,22.95,56.83,0.0
02:11,23.0,56.83,0.0
02:12,23.02,56.83,0.0
02:13,23.0,56.33,0.0
02:14,22.98,56.33,0.0
02:15,23.07,56.33,0.0
02:16,23.07,56.33,0.0
02:17,23.1,56.33,0.0
02:18,23.1,56.17,0.0
02:19,23.13,55.67,0.0
02:20,23.1,55.83,0.0
02:21,23.07,55.83,0.0
02:22,23.08,55.83,0.0
02:23,23.12,55.83,0.0
02:24,23.08,55.83,0.0
02:25,23.12,55.83,0.0
02:26,23.08,55.83,0.0
02:27,23.1,55.83,0.0
02:28,23.12,55.83,0.0
02:29,23.15,55.67,0.0
02:30,23.13,55.67,0.0
02:31,23.15,55.5,0.0
02:32,23.13,55.5,0.0
02:33,23.1,55.5,0.0
02:34,23.1,55.5,0.0
02:35,23.05,55.5,0.0
02:36,23.07,55.5,0.0
02:37,23.05,55.5,0.0
02:38,23.07,55.5,0.0
02:39,22.98,55.5,0.0
02:40,22.97,55.67,0.0
02:41,22.97,55.67,0.0
02:42,22.97,55.67,0.0
02:43,22.98,55.83,0.0
02:44,22.98,55.83,0.0
02:45,22.97,55.67,0.0
02:46,22.97,55.67,0.0
02:47,22.93,55.67,0.0
02:48,22.95,55.67,0.0
02:49,22.92,55.5,0.0
02:50,22.93,55.5,0.0
02:51,22.9,55.67,0.0
02:52,22.88,55.67,0.0
02:53,22.95,55.67,0.0
02:54,22.97,55.67,0.0
02:55,22.93,55.5,0.0
02:56,22.92,55.5,0.0
02:57,22.97,55.5,0.0
02:58,22.98,55.5,0.0
02:59,23.02,55.67,0.0
03:00,23.02,55.67,0.0
03:01,23.0,55.33,0.0
03:02,22.97,55.33,0.0
03:03,22.98,55.33,0.0
03:04,23.0,55.33,0.0
03:05,23.0,55.33,0.0
03:06,22.98,55.5,0.0
03:07,22.97,55.5,0.0
03:08,22.97,55.5,0.0
03:09,22.93,55.5,0.0
03:10,22.93,55.5,0.0
03:11,22.97,55.17,0.0
03:12,22.97,55.17,0.0
03:13,22.95,55.5,0.0
03:14,22.95,55.5,0.0
03:15,22.87,55.67,0.0
03:16,22.95,55.5,0.0
03:17,22.95,55.33,0.0
03:18,22.98,55.33,0.0
03:19,22.95,55.17,0.0
03:20,22.95,55.17,0.0
03:21,22.98,55.17,0.0
03:22,22.98,55.17,0.0
03:23,22.93,55.33,0.0
03:24,22.95,55.33,0.0
03:25,22.93,55.0,0.0
03:26,22.9,55.0,0.0
03:27,22.93,55.33,0.0
03:28,22.92,55.33,0.0
03:29,22.85,55.33,0.0
03:30,22.85,55.33,0.0
03:31,22.9,55.67,0.0
03:32,22.9,55.67,0.0
03:33,22.95,55.67,0.0
03:34,22.93,55.67,0.0
03:35,22.87,55.5,0.0
03:36,22.88,55.5,0.0
03:37,22.88,55.67,0.0
03:38,22.87,55.67,0.0
03:39,22.87,55.5,0.0
03:40,22.88,55.5,0.0
03:41,22.85,55.5,0.0
03:42,22.85,55.5,0.0
03:43,22.85,55.5,0.0
03:44,22.9,55.5,0.0
03:45,22.87,55.5,0.0
03:46,22.85,55.5,0.0
03:47,22.88,55.5,0.0
03:48,22.88,55.5,0.0
03:49,22.88,55.5,0.0
03:50,22.88,55.5,0.0
03:51,22.85,55.5,0.0
03:52,22.83,55.67,0.0
03:53,22.85,55.5,0.0
03:54,22.85,55.5,0.0
03:55,22.82,55.5,0.0
03:56,22.83,55.5,0.0
03:57,22.92,55.33,0.0
03:58,22.92,55.33,0.0
03:59,22.85,55.5,0.0
04:00,22.85,55.33,0.0
04:01,22.82,55.5,0.0
04:02,22.85,55.5,0.0
04:03,22.8,55.33,0.0
04:04,22.8,55.33,0.0
04:05,22.85,55.33,0.0
04:06,22.87,55.33,0.0
04:07,22.87,55.33,0.0
04:08,22.87,55.33,0.0
04:09,22.83,55.33,0.0
04:10,22.85,55.33,0.0
04:11,22.8,55.33,0.0
04:12,22.82,55.33,0.0
04:13,22.85,55.17,0.0
04:14,22.85,55.33,0.0
04:15,22.82,55.17,0.0
04:16,22.83,55.17,0.0
04:17,22.83,55.33,0.0
04:18,22.82,55.33,0.0
04:19,22.77,55.33,0.0
04:20,22.78,55.33,0.0
04:21,22.78,55.33,0.0
04:22,22.77,55.33,0.0
04:23,22.75,55.33,0.0
04:24,22.75,55.33,0.0
04:25,22.72,55.33,0.0
04:26,22.73,55.5,0.0
04:27,22.63,55.33,0.0
04:28,22.63,55.33,0.0
04:29,22.63,55.5,0.0
04:30,22.62,55.5,0.0
04:31,22.65,55.5,0.0
04:32,22.65,55.5,0.0
04:33,22.62,55.5,0.0
04:34,22.62,55.5,0.0
04:35,22.62,55.5,0.0
04:36,22.62,55.5,0.0
04:37,22.58,55.67,0.0
04:38,22.58,55.67,0.0
04:39,22.57,55.5,0.0
04:40,22.57,55.5,0.0
04:41,22.57,55.83,0.0
04:42,22.57,55.83,0.0
04:43,22.57,56.0,0.0
04:44,22.57,56.0,0.0
04:45,22.52,55.67,0.0
04:46,22.6,55.83,0.0
04:47,22.63,55.33,0.0
04:48,22.62,55.33,0.0
04:49,22.57,55.5,0.0
04:50,22.55,55.5,0.0
04:51,22.6,55.33,0.0
04:52,22.58,55.33,0.0
04:53,22.57,55.5,0.0
04:54,22.57,55.5,0.0
04:55,22.57,55.5,0.0
04:56,22.55,55.5,0.0
04:57,22.53,55.5,0.0
04:58,22.58,55.5,0.0
04:59,22.57,55.33,0.0
05:00,22.57,55.33,0.0
05:01,22.55,55.17,0.0
05:02,22.53,55.17,0.0
05:03,22.53,55.5,0.0
05:04,22.55,55.67,0.0
05:05,22.53,55.33,0.0
05:06,22.55,55.5,0.0
05:07,22.57,55.33,0.0
05:08,22.57,55.33,0.0
05:09,22.55,55.33,0.0
05:10,22.57,55.33,0.0
05:11,22.5,55.5,0.0
05:12,22.52,55.5,0.0
05:13,22.53,55.67,0.0
05:14,22.53,55.67,0.0
05:15,22.52,55.33,0.0
05:16,22.52,55.33,0.0
05:17,22.55,55.17,0.0
05:18,22.52,55.17,0.0
05:19,22.53,55.17,0.0
05:20,22.55,55.17,0.0
05:21,22.53,55.17,0.0
05:22,22.53,55.33,0.0
05:23,22.52,55.33,0.0
05:24,22.53,55.5,0.0
05:25,22.57,55.17,0.0
05:26,22.57,55.17,0.0
05:27,22.58,55.0,0.0
05:28,22.58,55.0,0.0
05:29,22.55,55.33,0.0
05:30,22.57,55.33,0.0
05:31,22.55,55.17,0.0
05:32,22.58,55.17,0.0
05:33,22.52,54.83,0.0
05:34,22.6,54.83,0.0
05:35,22.52,55.0,0.0
05:36,22.52,55.0,0.0
05:37,22.5,55.0,0.0
05:38,22.48,55.0,0.0
05:39,22.5,55.17,0.0
05:40,22.53,55.17,0.0
05:41,22.47,55.17,0.0
05:42,22.48,55.17,0.0
05:43,22.53,55.33,0.0
05:44,22.53,55.33,0.0
05:45,22.48,55.33,0.0
05:46,22.45,55.33,0.0
05:47,22.47,55.33,0.0
05:48,22.45,55.33,0.0
05:49,22.52,55.33,0.0
05:50,22.52,55.33,0.0
05:51,22.47,55.33,0.0
05:52,22.48,55.33,0.0
05:53,22.48,55.5,0.0
05:54,22.5,55.67,0.0
05:55,22.45,55.67,0.0
05:56,22.45,55.5,0.0
05:57,22.47,55.33,0.0
05:58,22.47,55.5,0.0
05:59,22.47,55.33,0.0
06:00,22.5,55.33,0.0
06:01,22.48,55.33,0.0
06:02,22.52,55.33,0.0
06:03,22.5,55.5,0.0
06:04,22.5,55.5,0.0
06:05,22.45,55.5,0.0
06:06,22.42,55.5,0.0
06:07,22.5,55.33,0.0
06:08,22.52,55.33,0.0
06:09,22.47,55.5,0.0
06:10,22.45,55.5,0.0
06:11,22.47,55.5,0.0
06:12,22.45,55.5,0.0
06:13,22.47,55.5,0.0
06:14,22.45,55.5,0.0
06:15,22.47,55.5,0.0
06:16,22.45,55.5,0.0
06:17,22.48,55.5,0.0
06:18,22.47,55.5,0.0
06:19,22.48,55.5,0.0
06:20,22.48,55.5,0.0
06:21,22.45,55.5,0.0
06:22,22.47,55.67,0.0
06:23,22.48,55.17,0.0
06:24,22.48,55.17,0.0
06:25,22.47,55.17,0.0
06:26,22.5,55.17,0.0
06:27,22.5,55.17,0.0
06:28,22.5,55.17,0.0
06:29,22.5,55.17,0.0
06:30,22.48,55.17,0.0
06:31,22.48,55.17,0.0
06:32,22.43,55.17,0.0
06:33,22.52,55.0,0.0
06:34,22.47,55.0,0.0
06:35,22.52,55.17,0.0
06:36,22.53,55.17,0.0
06:37,22.45,55.17,0.0
06:38,22.43,55.17,0.0
06:39,22.45,55.5,0.0
06:40,22.45,55.5,0.0
06:41,22.42,55.33,0.0
06:42,22.42,55.33,0.0
06:43,22.42,55.33,0.0
06:44,22.42,55.33,0.0
06:45,22.4,55.5,0.0
06:46,22.4,55.5,0.0
06:47,22.4,55.5,0.0
06:48,22.4,55.5,0.0
06:49,22.37,55.5,0.0
06:50,22.37,55.5,0.0
06:51,22.33,55.5,0.0
06:52,22.33,55.5,0.0
06:53,22.33,55.33,0.0
06:54,22.32,55.33,0.0
06:55,22.3,55.33,0.0
06:56,22.27,55.33,0.0
06:57,22.28,55.33,0.0
06:58,22.28,55.33,0.0
06:59,22.32,55.33,0.0
07:00,22.3,55.33,0.0
07:01,22.32,55.17,0.0
07:02,22.32,55.17,0.0
07:03,22.28,55.17,0.0
07:04,22.32,55.17,0.0
07:05,22.32,54.83,0.0
07:06,22.32,54.83,0.0
07:07,22.3,55.0,0.0
07:08,22.3,55.0,0.0
07:09,22.28,55.0,0.0
07:10,22.28,55.0,0.0
07:11,22.28,55.33,0.0
07:12,22.28,55.33,0.0
07:13,22.32,55.0,0.0
07:14,22.33,55.0,0.0
07:15,22.32,55.17,0.0
07:16,22.32,55.17,0.0
07:17,22.28,55.17,0.0
07:18,22.33,55.17,0.0
07:19,22.35,55.0,0.0
07:20,22.33,55.0,0.0
07:21,22.33,55.0,0.0
07:22,22.33,55.0,0.0
07:23,22.33,54.83,0.0
07:24,22.37,54.83,0.0
07:25,22.32,54.83,0.0
07:26,22.33,55.0,0.0
07:27,22.28,55.17,0.0
07:28,22.27,55.17,0.0
07:29,22.25,55.33,0.0
07:30,22.25,55.33,0.0
07:31,22.28,55.17,0.0
07:32,22.23,55.0,0.0
07:33,22.28,55.17,0.0
07:34,22.28,55.17,0.0
07:35,22.3,55.17,0.0
07:36,22.3,55.17,0.0
07:37,22.3,55.17,0.0
07:38,22.3,55.17,0.0
07:39,22.32,55.0,0.0
07:40,22.32,55.0,0.0
07:41,22.3,55.0,0.0
07:42,22.32,55.0,0.0
07:43,22.28,54.83,0.0
07:44,22.27,54.83,0.0
07:45,22.33,54.83,0.0
07:46,22.33,54.83,0.0
07:47,22.27,54.83,0.0
07:48,22.27,54.83,0.0
07:49,22.28,54.83,0.0
07:50,22.28,54.83,0.0
07:51,22.28,54.83,0.0
07:52,22.27,54.83,0.0
07:53,22.27,54.67,0.0
07:54,22.27,54.67,0.0
07:55,22.2,54.5,0.0
07:56,22.2,54.5,0.0
07:57,22.17,54.67,0.0
07:58,22.17,54.67,0.0
07:59,22.18,55.0,0.0
08:00,22.17,55.0,0.0
08:01,22.18,55.0,0.0
08:02,22.17,55.0,0.0
08:03,22.13,55.0,0.0
08:04,22.17,55.0,0.0
08:05,22.15,54.83,0.0
08:06,22.12,54.83,0.0
08:07,22.13,54.83,0.0
08:08,22.13,54.83,0.0
08:09,22.13,55.0,0.0
08:10,22.13,55.0,0.0
08:11,22.1,55.0,0.0
08:12,22.12,55.0,0.0
08:13,22.12,55.0,0.0
08:14,22.17,54.83,0.0
08:15,22.2,54.83,0.0
08:16,22.2,54.83,0.0
08:17,22.2,54.67,0.0
08:18,22.2,54.67,0.0
08:19,22.2,54.5,0.0
08:20,22.2,54.5,0.0
08:21,22.22,54.67,0.0
08:22,22.22,54.67,0.0
08:23,22.18,54.67,0.0
08:24,22.18,54.67,0.0
08:25,22.22,54.83,0.0
08:26,22.22,54.83,0.0
08:27,22.17,54.5,0.0
08:28,22.17,54.5,0.0
08:29,22.2,54.5,0.0
08:30,22.2,54.5,0.0
08:31,22.2,54.5,0.0
08:32,22.2,54.5,0.0
08:33,22.22,54.5,0.0
08:34,22.22,54.5,0.0
08:35,22.2,54.5,0.0
08:36,22.18,54.5,0.0
08:37,22.22,54.33,0.0
08:38,22.22,54.17,0.0
08:39,22.23,54.17,0.0
08:40,22.22,54.17,0.0
08:41,22.18,54.17,0.0
08:42,22.2,54.17,0.0
08:43,22.18,54.17,0.0
08:44,22.17,54.17,0.0
08:45,22.23,54.17,0.0
08:46,22.25,54.17,0.0
08:47,22.28,54.0,0.0
08:48,22.25,54.0,0.0
08:49,22.22,54.17,0.0
08:50,22.23,54.17,0.0
08:51,22.22,54.33,0.0
08:52,22.2,54.33,0.0
08:53,22.17,54.17,0.0
08:54,22.18,54.17,0.0
08:55,22.2,54.17,0.0
08:56,22.18,54.17,0.0
08:57,22.15,54.17,0.0
08:58,22.18,54.17,0.0
08:59,22.2,54.17,0.0
09:00,22.2,54.17,0.0
09:01,22.18,54.17,0.0
09:02,22.17,54.17,0.0
09:03,22.1,54.17,0.0
09:04,22.08,54.33,0.0
09:05,22.12,54.33,0.0
09:06,22.1,54.33,0.0
09:07,22.1,54.17,0.0
09:08,22.12,54.17,0.0
09:09,22.08,54.33,0.0
09:10,22.08,54.17,0.0
09:11,22.05,54.33,0.0
09:12,22.0,54.33,0.0
09:13,22.03,54.33,0.0
09:14,22.08,54.33,0.0
09:15,22.03,54.5,0.0
09:16,22.03,54.5,0.0
09:17,22.07,54.0,0.0
09:18,22.07,54.0,0.0
09:19,22.08,54.0,0.0
09:20,22.05,54.0,0.0
09:21,22.07,54.33,0.0
09:22,22.07,54.33,0.0
09:23,22.07,54.0,0.0
09:24,22.05,54.0,0.0
09:25,22.05,54.0,0.0
09:26,22.03,54.0,0.0
09:27,22.05,54.0,0.0
09:28,22.05,54.0,0.0
09:29,22.02,54.0,0.0
09:30,22.02,54.0,0.0
09:31,22.02,54.0,0.0
09:32,22.0,54.0,0.0
09:33,22.03,53.83,0.0
09:34,22.05,53.83,0.0
09:35,22.02,53.67,0.0
09:36,22.0,53.67,0.0
09:37,22.02,54.0,0.0
09:38,22.03,54.0,0.0
09:39,22.0,53.83,0.0
09:40,22.0,54.0,0.0
09:41,22.02,54.0,0.0
09:42,22.02,53.5,0.0
09:43,22.03,53.67,0.0
09:44,22.03,53.67,0.0
09:45,21.98,53.67,0.0
09:46,21.98,53.67,0.0
09:47,22.02,53.33,0.0
09:48,21.98,53.17,0.0
09:49,21.92,53.33,0.0
09:50,21.92,53.33,0.0
09:51,21.95,53.33,0.0
09:52,21.97,53.33,0.0
09:53,21.95,53.33,0.0
09:54,21.95,53.33,0.0
09:55,21.98,53.33,0.0
09:56,21.98,53.33,0.0
09:57,21.98,53.33,0.0
09:58,22.02,53.33,0.0
09:59,22.02,53.17,0.0
10:00,22.02,53.33,0.0
10:01,22.07,53.33,0.0
10:02,22.07,53.33,0.0
10:03,22.13,53.5,0.0
10:04,22.13,53.17,0.0
10:05,22.12,53.33,0.0
10:06,22.12,53.5,0.0
10:07,22.1,53.33,0.0
10:08,22.12,53.33,0.0
10:09,22.08,53.33,0.0
10:10,22.13,53.33,0.0
10:11,22.1,53.33,0.0
10:12,22.1,53.33,0.0
10:13,22.08,53.33,0.0
10:14,22.08,53.33,0.0
10:15,22.05,53.67,0.0
10:16,22.07,53.67,0.0
10:17,22.08,53.67,0.0
10:18,22.08,53.67,0.0
10:19,22.07,53.5,0.0
10:20,22.02,53.5,0.0
10:21,22.08,53.67,0.0
10:22,22.08,53.67,0.0
10:23,22.05,53.67,0.0
10:24,22.05,53.67,0.0
10:25,22.07,53.67,0.0
10:26,22.07,53.67,0.0
10:27,22.12,53.67,0.0
10:28,22.13,53.67,0.0
10:29,22.08,53.67,0.0
10:30,22.07,53.67,0.0
10:31,22.08,53.67,0.0
10:32,22.1,53.67,0.0
10:33,22.08,53.67,0.0
10:34,22.08,53.67,0.0
10:35,22.12,53.67,0.0
10:36,22.13,53.67,0.0
10:37,22.12,53.67,0.0
10:38,22.12,53.67,0.0
10:39,22.08,53.67,0.0
10:40,22.08,53.67,0.0
10:41,22.03,53.67,0.0
10:42,22.03,53.67,0.0
10:43,22.03,53.5,0.0
10:44,22.02,53.5,0.0
10:45,22.02,53.5,0.0
10:46,22.03,53.5,0.0
10:47,22.0,53.67,0.0
10:48,22.0,53.67,0.0
10:49,21.87,53.67,0.0
10:50,21.87,53.67,0.0
10:51,21.82,53.83,0.0
10:52,21.82,54.17,0.0
10:53,21.8,54.33,0.0
10:54,21.77,54.33,0.0
10:55,21.78,54.33,0.0
10:56,21.8,54.33,0.0
10:57,21.83,54.33,0.0
10:58,21.83,54.33,0.0
10:59,21.78,54.33,0.0
11:00,21.78,54.5,0.0
11:01,21.77,54.33,0.0
11:02,21.77,54.33,0.0
11:03,21.82,54.17,0.0
11:04,21.8,54.17,0.0
11:05,21.78,54.17,0.0
11:06,21.77,54.17,0.0
11:07,21.77,54.17,0.0
11:08,21.77,54.0,0.0
11:09,21.73,54.0,0.0
11:10,21.75,54.0,0.0
11:11,21.78,53.83,0.0
11:12,21.77,53.83,0.0
11:13,21.8,54.17,0.0
11:14,21.82,54.17,0.0
11:15,21.75,53.83,0.0
11:16,21.78,54.0,0.0
11:17,21.8,54.0,0.0
11:18,21.8,54.0,0.0
11:19,21.77,53.83,0.0
11:20,21.77,53.83,0.0
11:21,21.78,54.0,0.0
11:22,21.78,54.0,0.0
11:23,21.75,54.0,0.0
11:24,21.73,54.0,0.0
11:25,21.85,54.0,0.0
11:26,21.83,54.0,0.0
11:27,21.83,54.17,0.0
11:28,21.83,54.17,0.0
11:29,21.8,54.0,0.0
11:30,21.82,54.17,0.0
11:31,21.75,54.17,0.0
11:32,21.75,54.17,0.0
11:33,21.7,54.0,0.0
11:34,21.68,54.0,0.0
11:35,21.67,54.17,0.0
11:36,21.68,54.17,0.0
11:37,21.65,54.0,0.0
11:38,21.65,54.17,0.0
11:39,21.67,54.17,0.0
11:40,21.67,54.17,0.0
11:41,21.6,54.17,0.0
11:42,21.62,54.17,0.0
11:43,21.63,54.17,0.0
11:44,21.62,54.17,0.0
11:45,21.58,54.17,0.0
11:46,21.58,54.17,0.0
11:47,21.53,54.17,0.0
11:48,21.52,54.17,0.0
11:49,21.53,54.33,0.0
11:50,21.52,54.33,0.0
11:51,21.52,54.17,0.0
11:52,21.53,54.17,0.0
11:53,21.53,54.5,0.0
11:54,21.57,54.5,0.0
11:55,21.52,54.5,0.0
11:56,21.52,54.5,0.0
11:57,21.55,54.5,0.0
11:58,21.57,54.5,0.0
11:59,21.6,54.67,0.0
12:00,21.6,54.67,0.0
12:01,21.57,54.67,0.0
12:02,21.57,54.67,0.0
12:03,21.58,54.5,0.0
12:04,21.58,54.5,0.0
12:05,21.6,54.67,0.0
12:06,21.57,54.5,0.0
12:07,21.58,54.67,0.0
12:08,21.6,54.67,0.0
12:09,21.65,54.67,0.0
12:10,21.63,54.67,0.0
12:11,21.63,54.67,0.0
12:12,21.62,54.67,0.0
12:13,21.62,54.5,0.0
12:14,21.63,54.5,0.0
12:15,21.65,54.5,0.0
12:16,21.65,54.5,0.0
12:17,21.6,54.33,0.0
12:18,21.62,54.33,0.0
12:19,21.65,54.5,0.0
12:20,21.63,54.33,0.0
12:21,21.65,54.33,0.0
12:22,21.63,54.33,0.0
12:23,21.7,54.5,0.0
12:24,21.7,54.5,0.0
12:25,21.67,54.67,0.0
12:26,21.63,54.5,0.0
12:27,21.67,54.67,0.0
12:28,21.67,54.67,0.0
12:29,21.67,54.33,0.0
12:30,21.68,54.33,0.0
12:31,21.7,54.5,0.0
12:32,21.67,54.5,0.0
12:33,21.65,54.33,0.0
12:34,21.68,54.33,0.0
12:35,21.65,54.5,0.0
12:36,21.67,54.5,0.0
12:37,21.65,54.5,0.0
12:38,21.68,54.33,0.0
12:39,21.67,54.17,0.0
12:40,21.63,54.0,0.0
12:41,21.68,54.33,0.0
12:42,21.67,54.33,0.0
12:43,21.68,54.17,0.0
12:44,21.7,54.17,0.0
12:45,21.67,54.33,0.0
12:46,21.67,54.33,0.0
12:47,21.67,54.33,0.0
12:48,21.68,54.33,0.0
12:49,21.62,54.17,0.0
12:50,21.62,54.17,0.0
12:51,21.53,54.5,0.0
12:52,21.53,54.5,0.0
12:53,21.52,54.33,0.0
12:54,21.57,54.33,0.0
12:55,21.58,54.33,0.0
12:56,21.57,54.33,0.0
12:57,21.58,54.0,0.0
12:58,21.53,54.0,0.0
12:59,21.55,54.0,0.0
13:00,21.55,54.0,0.0
13:01,21.63,54.0,0.0
13:02,21.62,54.0,0.0
13:03,21.55,54.33,0.0
13:04,21.57,54.33,0.0
13:05,21.57,54.33,0.0
13:06,21.53,54.33,0.0
13:07,21.53,54.33,0.0
13:08,21.55,54.33,0.0
13:09,21.55,54.33,0.0
13:10,21.55,54.33,0.0
13:11,21.55,54.17,0.0
13:12,21.55,54.17,0.0
13:13,21.58,54.17,0.0
13:14,21.63,54.17,0.0
13:15,21.55,54.17,0.0
13:16,21.53,54.17,0.0
13:17,21.55,54.33,0.0
13:18,21.57,54.33,0.0
13:19,21.5,54.5,0.0
13:20,21.5,54.5,0.0
13:21,21.47,54.67,0.0
13:22,21.47,54.5,0.0
13:23,21.5,54.67,0.0
13:24,21.45,54.67,0.0
13:25,21.52,54.67,0.0
13:26,21.52,54.67,0.0
13:27,21.48,54.67,0.0
13:28,21.43,54.67,0.0
13:29,21.47,54.67,0.0
13:30,21.45,54.67,0.0
13:31,21.45,54.67,0.0
13:32,21.47,54.67,0.0
13:33,21.42,54.67,0.0
13:34,21.43,54.67,0.0
13:35,21.45,54.67,0.0
13:36,21.45,54.67,0.0
13:37,21.47,54.67,0.0
13:38,21.47,54.67,0.0
13:39,21.47,54.67,0.0
13:40,21.47,54.67,0.0
13:41,21.43,54.67,0.0
13:42,21.42,54.67,0.0
13:43,21.5,54.67,0.0
13:44,21.48,54.67,0.0
13:45,21.45,54.67,0.0
13:46,21.45,54.67,0.0
13:47,21.45,54.67,0.0
13:48,21.42,54.67,0.0
13:49,21.43,54.67,0.0
13:50,21.43,54.67,0.0
13:51,21.42,54.67,0.0
13:52,21.38,54.67,0.0
13:53,21.43,54.83,0.0
13:54,21.4,54.83,0.0
13:55,21.38,54.67,0.0
13:56,21.35,54.67,0.0
13:57,21.38,54.67,0.0
13:58,21.38,54.67,0.0
13:59,21.37,54.83,0.0
14:00,21.37,54.83,0.0
14:01,21.32,54.83,0.0
14:02,21.32,54.83,0.0
14:03,21.33,54.83,0.0
14:04,21.3,54.83,0.0
14:05,21.35,54.67,0.0
14:06,21.35,54.67,0.0
14:07,21.38,54.5,0.0
14:08,21.38,54.5,0.0
14:09,21.38,54.33,0.0
14:10,21.35,54.5,0.0
14:11,21.37,54.33,0.0
14:12,21.37,54.33,0.0
14:13,21.32,54.33,0.0
14:14,21.33,54.33,0.0
14:15,21.37,54.5,0.0
14:16,21.35,54.33,0.0
14:17,21.32,54.5,0.0
14:18,21.3,54.5,0.0
14:19,21.33,54.17,0.0
14:20,21.27,54.17,0.0
14:21,21.28,54.17,0.0
14:22,21.35,54.33,0.0
14:23,21.3,54.17,0.0
14:24,21.32,54.17,0.0
14:25,21.33,54.33,0.0
14:26,21.33,54.33,0.0
14:27,21.33,54.5,0.0
14:28,21.32,54.5,0.0
14:29,21.35,54.5,0.0
14:30,21.33,54.5,0.0
14:31,21.28,54.83,0.0
14:32,21.27,54.83,0.0
14:33,21.28,54.67,0.0
14:34,21.28,54.83,0.0
14:35,21.3,54.5,0.0
14:36,21.3,54.5,0.0
14:37,21.28,54.83,0.0
14:38,21.3,54.83,0.0
14:39,21.33,54.67,0.0
14:40,21.35,54.5,0.0
14:41,21.32,54.67,0.0
14:42,21.32,54.67,0.0
14:43,21.32,54.67,0.0
14:44,21.32,54.67,0.0
14:45,21.27,54.83,0.0
14:46,21.3,54.67,0.0
14:47,21.27,54.83,0.0
14:48,21.28,54.83,0.0
14:49,21.3,54.67,0.0
14:50,21.28,54.67,0.0
14:51,21.23,54.83,0.0
14:52,21.22,54.83,0.0
14:53,21.22,54.83,0.0
14:54,21.23,55.0,0.0
14:55,21.22,54.83,0.0
14:56,21.22,54.83,0.0
14:57,21.27,54.5,0.0
14:58,21.27,54.5,0.0
14:59,21.27,54.67,0.0
15:00,21.23,54.67,0.0
15:01,21.23,54.83,0.0
15:02,21.25,54.83,0.0
15:03,21.2,54.67,0.0
15:04,21.2,54.67,0.0
15:05,21.2,54.83,0.0
15:06,21.17,54.83,0.0
15:07,21.23,54.67,0.0
15:08,21.2,54.67,0.0
15:09,21.13,54.67,0.0
15:10,21.15,54.67,0.0
15:11,21.17,54.5,0.0
15:12,21.18,54.5,0.0
15:13,21.17,54.67,0.0
15:14,21.17,54.67,0.0
15:15,21.12,54.67,0.0
15:16,21.1,54.67,0.0
15:17,21.08,54.83,0.0
15:18,21.08,54.83,0.0
15:19,21.07,54.67,0.0
15:20,21.03,54.83,0.0
15:21,21.05,55.0,0.0
15:22,21.05,55.0,0.0
15:23,21.05,54.83,0.0
15:24,21.05,55.0,0.0
15:25,21.08,55.0,0.0
15:26,21.07,55.0,0.0
15:27,21.05,54.83,0.0
15:28,21.05,54.83,0.0
15:29,21.1,55.0,0.0
15:30,21.08,55.0,0.0
15:31,21.03,55.0,0.0
15:32,21.05,55.0,0.0
15:33,21.07,55.0,0.0
15:34,21.07,55.0,0.0
15:35,21.05,55.0,0.0
15:36,21.07,55.0,0.0
15:37,21.07,55.0,0.0
15:38,21.1,55.0,0.0
15:39,21.02,55.17,0.0
15:40,21.03,55.17,0.0
15:41,21.05,55.33,0.0
15:42,21.02,55.33,0.0
15:43,21.1,55.17,0.0
15:44,21.08,55.17,0.0
15:45,21.13,55.17,0.0
15:46,21.1,55.17,0.0
15:47,21.12,55.17,0.0
15:48,21.12,55.17,0.0
15:49,21.13,55.17,0.0
15:50,21.12,55.17,0.0
15:51,21.12,55.17,0.0
15:52,21.1,55.17,0.0
15:53,21.12,55.17,0.0
15:54,21.1,55.17,0.0
15:55,21.13,55.17,0.0
15:56,21.15,55.17,0.0
15:57,21.12,55.17,0.0
15:58,21.13,55.17,0.0
15:59,21.12,55.33,0.0
16:00,21.13,55.17,0.0
16:01,21.15,55.0,0.0
16:02,21.13,55.0,0.0
16:03,21.18,55.33,0.0
16:04,21.17,55.33,0.0
16:05,21.15,55.17,0.0
16:06,21.18,55.33,0.0
16:07,21.15,55.17,0.0
16:08,21.13,55.0,0.0
16:09,21.17,54.67,0.0
16:10,21.15,54.83,0.0
16:11,21.12,54.67,0.0
16:12,21.13,54.67,0.0
16:13,21.1,54.67,0.0
16:14,21.12,54.67,0.0
16:15,21.1,54.83,0.0
16:16,21.07,54.83,0.0
16:17,21.1,54.83,0.0
16:18,21.08,54.83,0.0
16:19,20.98,54.83,0.0
16:20,20.98,54.83,0.0
16:21,20.98,55.17,0.0
16:22,20.93,55.17,0.0
16:23,20.95,55.17,0.0
16:24,20.95,55.17,0.0
16:25,20.95,55.0,0.0
16:26,21.02,55.33,0.0
16:27,20.97,55.33,0.0
16:28,20.97,55.33,0.0
16:29,21.03,55.17,0.0
16:30,20.98,55.17,0.0
16:31,20.97,55.5,0.0
16:32,20.98,55.5,0.0
16:33,20.95,55.33,0.0
16:34,20.93,55.33,0.0
16:35,20.92,55.33,0.0
16:36,20.93,55.33,0.0
16:37,20.93,55.5,0.0
16:38,20.93,55.33,0.0
16:39,20.9,55.5,0.0
16:40,20.92,55.5,0.0
16:41,20.9,55.67,0.0
16:42,20.88,55.67,0.0
16:43,20.88,55.83,0.0
16:44,20.92,55.83,0.0
16:45,20.9,55.83,0.0
16:46,20.9,55.83,0.0
16:47,20.95,55.67,0.0
16:48,20.95,55.67,0.0
16:49,20.93,56.0,0.0
16:50,20.93,55.83,0.0
16:51,20.9,56.0,0.0
16:52,20.9,55.83,0.0
16:53,20.93,55.83,0.0
16:54,20.9,56.0,0.0
16:55,20.88,55.83,0.0
16:56,20.92,55.83,0.0
16:57,20.92,55.83,0.0
16:58,20.92,55.83,0.0
16:59,20.92,56.33,0.0
17:00,20.9,56.33,0.0
17:01,20.92,56.17,0.0
17:02,20.88,55.83,0.0
17:03,20.9,56.0,0.0
17:04,20.87,55.83,0.0
17:05,20.82,56.0,0.0
17:06,20.82,56.0,0.0
17:07,20.85,56.17,0.0
17:08,20.83,56.17,0.0
17:09,20.8,56.17,0.0
17:10,20.83,56.17,0.0
17:11,20.82,56.17,0.0
17:12,20.8,56.17,0.0
17:13,20.8,56.33,0.0
17:14,20.78,56.33,0.0
17:15,20.8,56.17,0.0
17:16,20.8,56.17,0.0
17:17,20.87,56.33,0.0
17:18,20.85,56.33,0.0
17:19,20.78,56.5,0.0
17:20,20.8,56.5,0.0
17:21,20.8,56.5,0.0
17:22,20.83,56.33,0.0
17:23,20.83,56.5,0.0
17:24,20.8,56.5,0.0
17:25,20.83,56.5,0.0
17:26,20.82,56.5,0.0
17:27,20.82,56.5,0.0
17:28,20.82,56.5,0.0
17:29,20.85,56.5,0.0
17:30,20.85,56.5,0.0
17:31,20.82,56.5,0.0
17:32,20.8,56.5,0.0
17:33,20.83,56.17,0.0
17:34,20.83,56.33,0.0
17:35,20.85,56.33,0.0
17:36,20.83,56.67,0.0
17:37,20.9,56.67,0.0
17:38,20.93,57.0,0.0
17:39,20.92,57.0,0.0
17:40,20.93,57.0,0.0
17:41,20.95,57.17,0.0
17:42,20.97,57.33,0.0
17:43,20.97,57.33,0.0
17:44,20.93,57.33,0.0
17:45,21.03,57.33,0.0
17:46,21.05,57.33,0.0
17:47,21.05,57.17,0.0
17:48,21.03,57.17,0.0
17:49,21.0,57.17,0.0
17:50,20.98,57.17,0.0
17:51,21.0,57.33,0.0
17:52,21.0,57.33,0.0
17:53,21.05,57.17,0.0
17:54,21.05,57.17,0.0
17:55,21.08,56.67,0.0
17:56,21.08,56.67,0.0
17:57,21.15,56.33,0.0
17:58,21.15,56.33,0.0
17:59,21.12,56.67,0.0
18:00,21.12,56.67,0.0
18:01,21.15,56.5,0.0
18:02,21.15,56.5,0.0
18:03,21.17,56.67,0.0
18:04,21.15,56.67,0.0
18:05,21.18,56.5,0.0
18:06,21.17,56.5,0.0
18:07,21.2,56.67,0.0
18:08,21.2,56.67,0.0
18:09,21.18,56.67,0.0
18:10,21.17,56.67,0.0
18:11,21.17,56.5,0.0
18:12,21.17,56.33,0.0
18:13,21.2,56.33,0.0
18:14,21.2,56.33,0.0
18:15,21.18,56.33,0.0
18:16,21.18,56.33,0.0
18:17,21.25,56.17,0.0
18:18,21.3,56.17,0.0
18:19,21.22,56.0,0.0
18:20,21.2,55.83,0.0
18:21,21.23,55.67,0.0
18:22,21.27,55.5,0.0
18:23,21.3,55.33,0.0
18:24,21.3,55.33,0.0
18:25,21.28,55.5,0.0
18:26,21.28,55.5,0.0
18:27,21.32,55.5,0.0
18:28,21.32,55.5,0.0
18:29,21.28,55.17,0.0
18:30,21.28,55.17,0.0
18:31,21.3,55.17,0.0
18:32,21.3,55.17,0.0
18:33,21.37,55.0,0.0
18:34,21.33,54.83,0.0
18:35,21.33,54.83,0.0
18:36,21.33,54.83,0.0
18:37,21.3,54.83,0.0
18:38,21.33,54.83,0.0
18:39,21.4,55.0,0.0
18:40,21.42,55.0,0.0
18:41,21.42,54.83,0.0
18:42,21.43,54.83,0.0
18:43,21.4,54.83,0.0
18:44,21.43,54.83,0.0
18:45,21.38,55.0,0.0
18:46,21.37,55.0,0.0
18:47,21.4,55.0,0.0
18:48,21.38,55.0,0.0
18:49,21.43,55.0,0.0
18:50,21.4,55.0,0.0
18:51,21.42,55.0,0.0
18:52,21.38,55.0,0.0
18:53,21.4,55.0,0.0
18:54,21.4,55.0,0.0
18:55,21.42,55.33,0.0
18:56,21.42,55.33,0.0
18:57,21.47,55.0,0.0
18:58,21.43,55.0,0.0
18:59,21.45,55.17,0.0
19:00,21.43,55.17,0.0
19:01,21.52,55.0,0.0
19:02,21.53,55.0,0.0
19:03,21.52,55.33,0.0
19:04,21.5,55.17,0.0
19:05,21.55,55.17,0.0
19:06,21.53,55.17,0.0
19:07,21.55,55.33,0.0
19:08,21.53,55.33,0.0
19:09,21.58,55.33,0.0
19:10,21.58,55.33,0.0
19:11,21.6,55.33,0.0
19:12,21.6,55.33,0.0
19:13,21.62,55.33,0.0
19:14,21.62,55.33,0.0
19:15,21.68,55.33,0.0
19:16,21.67,55.17,0.0
19:17,21.62,55.33,0.0
19:18,21.65,55.33,0.0
19:19,21.75,55.5,0.0
19:20,21.72,55.5,0.0
19:21,21.77,55.17,0.0
19:22,21.75,55.17,0.0
19:23,21.73,55.17,0.0
19:24,21.77,55.17,0.0
19:25,21.75,55.33,0.0
19:26,21.75,55.33,0.0
19:27,21.78,55.0,0.0
19:28,21.77,55.0,0.0
19:29,21.78,55.33,0.0
19:30,21.78,55.33,0.0
19:31,21.83,54.83,0.0
19:32,21.78,54.83,0.0
19:33,21.8,54.67,0.0
19:34,21.78,54.67,0.0
19:35,21.8,54.83,0.0
19:36,21.82,54.83,0.0
19:37,21.82,54.67,0.0
19:38,21.8,54.67,0.0
19:39,21.92,54.67,0.0
19:40,21.9,54.67,0.0
19:41,21.85,54.83,0.0
19:42,21.85,54.83,0.0
19:43,21.92,54.83,0.0
19:44,21.93,54.67,0.0
19:45,21.93,54.67,0.0
19:46,21.92,54.83,0.0
19:47,21.98,54.67,0.0
19:48,21.97,54.67,0.0
19:49,21.95,54.67,0.0
19:50,21.95,54.67,0.0
19:51,22.0,55.17,0.0
19:52,22.0,55.17,0.0
19:53,22.03,54.67,0.0
19:54,22.03,54.67,0.0
19:55,22.03,54.5,0.0
19:56,22.03,54.5,0.0
19:57,22.08,54.67,0.0
19:58,22.1,54.5,0.0
19:59,22.07,54.5,0.0
20:00,22.08,54.5,0.0
20:01,22.17,54.5,0.0
20:02,22.13,54.5,0.0
20:03,22.2,54.5,0.0
20:04,22.18,54.5,0.0
20:05,22.18,54.5,0.0
20:06,22.25,54.5,0.0
20:07,22.23,54.5,0.0
20:08,22.3,54.5,0.0
20:09,22.25,54.5,0.0
20:10,22.3,54.5,0.0
20:11,22.3,54.5,0.0
20:12,22.27,54.5,0.0
20:13,22.27,54.5,0.0
20:14,22.28,54.5,0.0
20:15,22.27,54.5,0.0
20:16,22.37,54.5,0.0
20:17,22.37,54.5,0.0
20:18,22.37,54.33,0.0
20:19,22.35,54.33,0.0
20:20,22.35,54.5,0.0
20:21,22.33,54.5,0.0
20:22,22.45,54.33,0.0
20:23,22.43,54.33,0.0
20:24,22.42,54.17,0.0
20:25,22.45,54.33,0.0
20:26,22.43,54.17,0.0
20:27,22.45,54.33,0.0
20:28,22.52,54.17,0.0
20:29,22.5,54.17,0.0
20:30,22.48,54.33,0.0
20:31,22.48,54.0,0.0
20:32,22.48,54.0,0.0
20:33,22.55,54.0,0.0
20:34,22.55,54.0,0.0
20:35,22.53,54.17,0.0
20:36,22.55,54.17,0.0
20:37,22.58,54.0,0.0
20:38,22.57,54.0,0.0
20:39,22.57,54.0,0.0
20:40,22.58,54.0,0.0
20:41,22.53,54.17,0.0
20:42,22.53,54.17,0.0
20:43,22.58,54.17,0.0
20:44,22.6,54.17,0.0
20:45,22.65,54.0,0.0
20:46,22.63,54.0,0.0
20:47,22.68,53.83,0.0
20:48,22.67,54.0,0.0
20:49,22.77,53.67,0.0
20:50,22.77,53.67,0.0
20:51,22.77,53.67,0.0
20:52,22.8,53.67,0.0
20:53,22.85,54.0,0.0
20:54,22.87,53.83,0.0
20:55,22.9,53.67,0.0
20:56,22.88,53.67,0.0
20:57,23.0,53.67,0.0
20:58,22.95,53.67,0.0
20:59,22.97,53.67,0.0
21:00,22.98,53.5,0.0
21:01,22.98,53.5,0.0
21:02,23.0,53.33,0.0
21:03,22.98,53.33,0.0
21:04,23.02,53.33,0.0
21:05,23.02,53.33,0.0
21:06,23.07,53.5,0.0
21:07,23.07,53.5,0.0
21:08,23.07,53.17,0.0
21:09,23.07,53.17,0.0
21:10,23.1,53.5,0.0
21:11,23.1,53.5,0.0
21:12,23.1,53.0,0.0
21:13,23.07,53.0,0.0
21:14,23.08,53.5,0.0
21:15,23.13,53.5,0.0
21:16,23.07,53.5,0.0
21:17,23.07,53.33,0.0
21:18,23.12,53.33,0.0
21:19,23.13,53.17,0.0
21:20,23.15,53.17,0.0
21:21,23.15,53.0,0.0
21:22,23.2,53.5,0.0
21:23,23.2,53.5,0.0
21:24,23.2,53.0,0.0
21:25,23.2,53.17,0.0
21:26,23.28,53.17,0.0
21:27,23.28,53.17,0.0
21:28,23.27,53.33,0.0
21:29,23.23,53.33,0.0
21:30,23.3,53.33,0.0
21:31,23.28,53.17,0.0
21:32,23.33,53.5,0.0
21:33,23.3,53.5,0.0
21:34,23.3,53.17,0.0
21:35,23.32,53.17,0.0
21:36,23.37,53.0,0.0
21:37,23.37,53.0,0.0
21:38,23.35,52.83,0.0
21:39,23.35,52.83,0.0
21:40,23.38,52.83,0.0
21:41,23.35,52.83,0.0
21:42,23.33,52.67,0.0
21:43,23.37,52.83,0.0
21:44,23.38,52.83,0.0
21:45,23.42,52.5,0.0
21:46,23.37,52.33,0.0
21:47,23.4,52.67,0.0
21:48,23.42,52.67,0.0
21:49,23.38,52.67,0.0
21:50,23.4,52.67,0.0
21:51,23.5,52.33,0.0
21:52,23.47,52.33,0.0
21:53,23.5,52.17,0.0
21:54,23.52,52.33,0.0
21:55,23.52,52.67,0.0
21:56,23.53,52.67,0.0
21:57,23.53,52.67,0.0
21:58,23.53,52.67,0.0
21:59,23.53,52.5,0.0
22:00,23.53,52.33,0.0
22:01,23.6,52.33,0.0
22:02,23.57,52.33,0.0
22:03,23.58,52.33,0.0
22:04,23.58,52.17,0.0
22:05,23.63,51.83,0.0
22:06,23.58,52.0,0.0
22:07,23.68,52.0,0.0
22:08,23.68,51.83,0.0
22:09,23.68,51.83,0.0
22:10,23.7,52.0,0.0
22:11,23.7,52.0,0.0
22:12,23.73,51.83,0.0
22:13,23.73,51.83,0.0
22:14,23.78,51.67,0.0
22:15,23.78,51.67,0.0
22:16,23.78,51.83,0.0
22:17,23.78,51.83,0.0
22:18,23.82,51.83,0.0
22:19,23.83,52.0,0.0
22:20,23.88,52.17,0.0
22:21,23.87,51.83,0.0
22:22,23.87,52.17,0.0
22:23,23.9,52.33,0.0
22:24,23.88,52.33,0.0
22:25,23.92,52.17,0.0
22:26,23.93,52.17,0.0
22:27,23.93,52.33,0.0
22:28,23.93,52.17,0.0
22:29,23.95,52.0,0.0
22:30,23.95,52.0,0.0
22:31,23.97,51.83,0.0
22:32,23.97,51.83,0.0
22:33,23.97,51.67,0.0
22:34,23.97,51.67,0.0
22:35,24.02,51.67,0.0
22:36,23.98,51.67,0.0
22:37,23.97,51.83,0.0
22:38,24.0,51.67,0.0
22:39,24.02,51.5,0.0
22:40,24.07,51.33,0.0
22:41,24.07,51.5,0.0
22:42,24.1,51.5,0.0
22:43,24.1,51.5,0.0
22:44,24.12,51.0,0.0
22:45,24.12,51.0,0.0
22:46,24.1,50.5,0.0
22:47,24.12,50.67,0.0
22:48,24.07,50.67,0.0
22:49,24.02,50.67,0.0
22:50,24.02,50.33,0.0
22:51,24.02,50.33,0.0
22:52,24.0,50.5,0.0
22:53,24.0,50.5,0.0
22:54,24.0,50.67,0.0
22:55,24.02,50.67,0.0
22:56,24.02,50.67,0.0
22:57,24.02,50.83,0.0
22:58,24.02,50.67,0.0
22:59,24.02,50.67,0.0
23:00,24.02,50.5,0.0
23:01,24.02,50.5,0.0
23:02,24.02,50.67,0.0
23:03,24.02,50.67,0.0
23:04,23.98,50.0,0.0
23:05,23.98,50.0,0.0
23:06,24.02,50.0,0.0
23:07,24.02,50.0,0.0
23:08,24.03,50.0,0.0
23:09,24.03,50.0,0.0
23:10,24.03,50.17,0.0
23:11,24.03,50.17,0.0
23:12,24.07,50.0,0.0
23:13,24.07,50.0,0.0
23:14,24.03,50.0,0.0
23:15,24.03,50.0,0.0
23:16,24.05,49.67,0.0
23:17,24.05,49.67,0.0
23:18,24.03,50.0,0.0
23:19,24.03,50.0,0.0
23:20,24.08,50.0,0.0
23:21,24.08,50.0,0.0
23:22,24.1,50.0,0.0
23:23,24.1,50.0,0.0
23:24,24.1,50.0,0.0
23:25,24.15,49.67,0.0
23:26,24.18,50.17,0.0
23:27,24.17,50.17,0.0
23:28,24.13,49.83,0.0
23:29,24.2,49.83,0.0
23:30,24.2,49.83,0.0
23:31,24.18,49.5,0.0
23:32,24.18,49.5,0.0
23:33,24.17,49.5,0.0
23:34,24.17,49.5,0.0
23:35,24.2,49.67,0.0
23:36,24.2,49.67,0.0
23:37,24.22,49.83,0.0
23:38,24.22,49.83,0.0
23:39,24.28,50.17,0.0
23:40,24.28,50.17,0.0
23:41,24.32,49.83,0.0
23:42,24.32,49.83,0.0
23:43,24.38,50.0,0.0
23:44,24.38,50.0,0.0
23:45,24.37,49.67,0.0
23:46,24.37,49.67,0.0
23:47,24.4,49.67,0.0
23:48,24.4,49.67,0.0
23:49,24.38,49.5,0.0
23:50,24.38,49.5,0.0
23:51,24.4,49.83,0.0
23:52,24.4,49.83,0.0
23:53,24.42,49.5,0.0
23:54,24.42,49.5,0.0
23:55,24.43,49.33,0.0
23:56,24.43,49.33,0.0
23:57,24.5,49.5,0.0
23:58,24.5,49.5,0.0
23:59,24.48,49.5,0.0
00:00,24.48,49.5,0.0
00:01,24.45,49.33,0.0
00:02,24.45,49.33,0.0
00:03,24.47,50.0,0.0
00:04,24.47,50.0,0.0
00:05,24.53,49.83,0.0
00:06,24.53,49.83,0.0
00:07,24.57,49.67,0.0
00:08,24.68,49.17,0.0
00:09,24.65,49.0,0.0
00:10,24.6,48.83,0.0
00:11,24.65,49.17,0.0
00:12,24.63,49.17,0.0
00:13,24.63,49.17,0.0
00:14,24.68,49.17,0.0
00:15,24.68,49.17,0.0
00:16,24.7,49.0,0.0
00:17,24.7,49.0,0.0
00:18,24.73,49.33,0.0
00:19,24.73,49.33,0.0
00:20,24.72,48.83,0.0
00:21,24.72,48.83,0.0
00:22,24.75,49.17,0.0
00:23,24.75,49.17,0.0
00:24,24.77,48.67,0.0
00:25,24.77,48.67,0.0
00:26,24.77,48.67,0.0
00:27,24.77,48.67,0.0
00:28,24.83,48.5,0.0
00:29,24.83,48.5,0.0
00:30,24.83,48.0,0.0
00:31,24.83,48.0,0.0
00:32,24.77,48.33,0.0
00:33,24.77,48.33,0.0
00:34,24.82,48.83,0.0
00:35,24.82,48.83,0.0
00:36,24.88,48.67,0.0
00:37,24.88,48.67,0.0
00:38,24.88,48.0,0.0
00:39,24.82,48.33,0.0
00:40,24.88,48.67,0.0
00:41,24.92,48.67,0.0
00:42,24.95,48.0,0.0
00:43,24.95,47.83,0.0
00:44,24.92,47.67,0.0
00:45,24.92,47.67,0.0
00:46,24.92,47.67,0.0
00:47,24.9,47.67,0.0
00:48,24.88,47.5,0.0
00:49,24.9,47.5,0.0
00:50,24.93,47.5,0.0
00:51,24.93,47.67,0.0
00:52,24.85,47.33,0.0
00:53,24.85,47.33,0.0
00:54,24.88,47.67,0.0
00:55,24.88,47.67,0.0
00:56,24.93,47.33,0.0
00:57,24.93,47.33,0.0
00:58,24.97,47.5,0.0
00:59,24.95,47.5,0.0
01:00,25.03,47.83,0.0
01:01,25.02,47.83,0.0
01:02,25.02,47.67,0.0
01:03,25.03,47.83,0.0
01:04,25.07,47.67,0.0
01:05,25.05,47.83,0.0
01:06,25.05,47.17,0.0
01:07,25.07,47.33,0.0
01:08,25.1,47.0,0.0
01:09,25.12,47.0,0.0
01:10,25.1,47.0,0.0
01:11,25.1,47.0,0.0
01:12,25.05,47.5,0.0
01:13,25.07,47.5,0.0
01:14,25.05,46.83,0.0
01:15,25.07,46.83,0.0
01:16,25.03,47.0,0.0
01:17,25.03,46.83,0.0
01:18,25.0,46.67,0.0
01:19,25.02,46.67,0.0
01:20,25.03,46.83,0.0
01:21,25.0,47.17,0.0
01:22,25.02,46.83,0.0
01:23,25.05,46.83,0.0
01:24,25.07,47.0,0.0
01:25,25.05,46.0,0.0
01:26,25.03,46.0,0.0
01:27,25.05,46.17,0.0
01:28,25.03,46.17,0.0
01:29,25.12,46.0,0.0
01:30,25.1,46.0,0.0
01:31,25.13,46.0,0.0
01:32,25.13,46.17,0.0
01:33,25.13,46.5,0.0
01:34,25.13,46.83,0.0
01:35,25.17,46.67,0.0
01:36,25.15,46.67,0.0
01:37,25.25,46.67,0.0
01:38,25.23,46.83,0.0
01:39,25.22,46.67,0.0
01:40,25.2,46.67,0.0
01:41,25.23,46.5,0.0
01:42,25.25,46.5,0.0
01:43,25.23,46.0,0.0
01:44,25.22,46.17,0.0
01:45,25.23,46.5,0.0
01:46,25.25,46.5,0.0
01:47,25.23,46.17,0.0
01:48,25.27,46.17,0.0
01:49,25.25,46.67,0.0
01:50,25.27,46.67,0.0
01:51,25.3,46.5,0.0
01:52,25.28,46.5,0.0
01:53,25.28,46.33,0.0
01:54,25.3,46.33,0.0
01:55,25.22,46.33,0.0
01:56,25.23,46.33,0.0
01:57,25.3,46.67,0.0
01:58,25.3,46.67,0.0
01:59,25.32,46.67,0.0
02:00,25.3,46.67,0.0
02:01,25.27,46.33,0.0
02:02,25.27,46.33,0.0
02:03,25.25,46.33,0.0
02:04,25.25,46.33,0.0
02:05,25.28,46.17,0.0
02:06,25.27,46.17,0.0
02:07,25.23,46.33,0.0
02:08,25.27,46.33,0.0
02:09,25.27,46.33,0.0
02:10,25.25,46.33,0.0
02:11,25.27,46.0,0.0
02:12,25.27,46.0,0.0
02:13,25.27,46.17,0.0
02:14,25.3,46.17,0.0
02:15,25.3,46.67,0.0
02:16,25.28,46.67,0.0
02:17,25.33,46.33,0.0
02:18,25.28,46.33,0.0
02:19,25.33,46.67,0.0
02:20,25.32,46.67,0.0
02:21,25.32,45.67,0.0
02:22,25.28,45.67,0.0
02:23,25.32,46.17,0.0
02:24,25.32,46.17,0.0
02:25,25.3,46.17,0.0
02:26,25.32,46.33,0.0
02:27,25.37,46.0,0.0
02:28,25.37,46.0,0.0
02:29,25.38,46.0,0.0
02:30,25.38,46.0,0.0
02:31,25.38,46.17,0.0
02:32,25.37,46.17,0.0
02:33,25.35,46.0,0.0
02:34,25.32,46.0,0.0
02:35,25.38,46.0,0.0
02:36,25.4,46.0,0.0
02:37,25.37,45.67,0.0
02:38,25.4,45.83,0.0
02:39,25.4,46.17,0.0
02:40,25.35,46.17,0.0
02:41,25.38,45.5,0.0
02:42,25.38,45.67,0.0
02:43,25.45,46.33,0.0
02:44,25.42,46.33,0.0
02:45,25.42,46.33,0.0
02:46,25.4,46.33,0.0
02:47,25.48,45.83,0.0
02:48,25.47,45.83,0.0
02:49,25.45,45.83,0.0
02:50,25.45,45.83,0.0
02:51,25.52,45.67,0.0
02:52,25.48,45.67,0.0
02:53,25.48,45.0,0.0
02:54,25.5,45.0,0.0
02:55,25.43,44.83,0.0
02:56,25.47,44.83,0.0
02:57,25.43,45.5,0.0
02:58,25.43,45.5,0.0
02:59,25.47,45.83,0.0
03:00,25.47,46.0,0.0
03:01,25.65,45.0,0.0
03:02,25.6,44.83,0.0
03:03,25.63,45.0,0.0
